INSERT INTO CUSTOMERS (USERNAME,ISSUER_CUSTOMER_ID,LAST_PASSWORD_CHANGE_DATETIME) VALUES ('12345678','1234','2015-04-20');
INSERT INTO CUSTOMERS (USERNAME,ISSUER_CUSTOMER_ID,LAST_PASSWORD_CHANGE_DATETIME) VALUES ('12345679','1235','2015-04-20');

INSERT INTO PERMITTED_TOKEN_REQUESTORS(ID,NETWORK_TR_ID) VALUES(1,1234);
INSERT INTO PERMITTED_TOKEN_REQUESTORS(ID,NETWORK_TR_ID) VALUES(2,4567);

INSERT INTO ARNS (ID,ARN) VALUES (1,100);
INSERT INTO ARNS (ID,ARN) VALUES (2,105);
INSERT INTO ARNS (ID,ARN) VALUES (3,200);
INSERT INTO ARNS (ID,ARN) VALUES (4,205);
INSERT INTO ARNS (ID,ARN) VALUES (5,210);
INSERT INTO ARNS (ID,ARN) VALUES (6,215);
INSERT INTO ARNS (ID,ARN) VALUES (7,220);
INSERT INTO ARNS (ID,ARN) VALUES (8,300);
INSERT INTO ARNS (ID,ARN) VALUES (9,305);

INSERT INTO ARNS (ID,ARN) VALUES (10,310);
INSERT INTO ARNS (ID,ARN) VALUES (11,315);

INSERT INTO PERMITTED_TOKEN_REQUESTOR_ARNS (ID,PERMITTED_TOKEN_REQUESTOR_ID,ARN_ID,CIID,IS_ACTIVE) VALUES('1','1','1','12378','1');
INSERT INTO PERMITTED_TOKEN_REQUESTOR_ARNS (ID,PERMITTED_TOKEN_REQUESTOR_ID,ARN_ID,CIID,IS_ACTIVE) VALUES('2','2','2','12378','1');
INSERT INTO PERMITTED_TOKEN_REQUESTOR_ARNS (ID,PERMITTED_TOKEN_REQUESTOR_ID,ARN_ID,CIID,IS_ACTIVE) VALUES('3','1','3','12378','1');
INSERT INTO PERMITTED_TOKEN_REQUESTOR_ARNS (ID,PERMITTED_TOKEN_REQUESTOR_ID,ARN_ID,CIID,IS_ACTIVE) VALUES('4','2','4','23799','1');
INSERT INTO PERMITTED_TOKEN_REQUESTOR_ARNS (ID,PERMITTED_TOKEN_REQUESTOR_ID,ARN_ID,CIID,IS_ACTIVE) VALUES('5','2','5','12378','1');
INSERT INTO PERMITTED_TOKEN_REQUESTOR_ARNS (ID,PERMITTED_TOKEN_REQUESTOR_ID,ARN_ID,CIID,IS_ACTIVE) VALUES('6','2','6','23789','1');
INSERT INTO PERMITTED_TOKEN_REQUESTOR_ARNS (ID,PERMITTED_TOKEN_REQUESTOR_ID,ARN_ID,CIID,IS_ACTIVE) VALUES('7','2','7','23799','1');
INSERT INTO PERMITTED_TOKEN_REQUESTOR_ARNS (ID,PERMITTED_TOKEN_REQUESTOR_ID,ARN_ID,CIID,IS_ACTIVE) VALUES('8','1','8','23789','1');
INSERT INTO PERMITTED_TOKEN_REQUESTOR_ARNS (ID,PERMITTED_TOKEN_REQUESTOR_ID,ARN_ID,CIID,IS_ACTIVE) VALUES('9','2','9',null,'1');

INSERT INTO PERMITTED_TOKEN_REQUESTOR_ARNS (ID,PERMITTED_TOKEN_REQUESTOR_ID,ARN_ID,CIID,IS_ACTIVE) VALUES('10','2','10',null,'1');

INSERT INTO PERMITTED_TOKEN_REQUESTOR_ARNS (ID,PERMITTED_TOKEN_REQUESTOR_ID,ARN_ID,CIID,IS_ACTIVE) VALUES('12','2','11','123455','1');
INSERT INTO PERMITTED_TOKEN_REQUESTOR_ARNS (ID,PERMITTED_TOKEN_REQUESTOR_ID,ARN_ID,CIID,IS_ACTIVE) VALUES('13','2','11','123456','1');

INSERT INTO PAYMENT_INSTRUMENTS(ID,ARN_ID,CUSTOMER_ID,PAN_ENCRYPTED,EXP_MONTH_YEAR,IS_ACTIVE,PAN_HASH,PAN_FIRST_SIX_ENCRYPTED,PAN_LAST_FOUR_ENCRYPTED,PAN_LENGTH)
VALUES(1,'1','1','mXxFmJD0kkJ8WM/IxxIbvO9fW0wb6YVnsEYgogo9w/w=','2015','1','bacc2ce4799e4e67ba4ee3635f9a446f80ec446a1f61ca78e8a8a0eb3f8ef5fba107900a0d6195a6a1d8c88400dcca4910f890b9816dfc2c1235e12944338c19','J7HhweyTpHGLHSYYBTL+sA==','gkcdL3hw3E2HUDnkCqmuhw==','16');

INSERT INTO PAYMENT_INSTRUMENTS(ID,ARN_ID,CUSTOMER_ID,PAN_ENCRYPTED,EXP_MONTH_YEAR,IS_ACTIVE,PAN_HASH,PAN_FIRST_SIX_ENCRYPTED,PAN_LAST_FOUR_ENCRYPTED,PAN_LENGTH)
VALUES(2,'2','2','mXxFmJD0kkJ8WM/IxxIbvPFpAQEZ1hyHqY5+j4ldmhk=
','2014','1','PANHASH','J7HhweyTpHGLHSYYBTL+sA==','Xq+Kq+6Ot9zrPn+mUqOYCQ==','19');

INSERT INTO PAYMENT_INSTRUMENTS(ID,ARN_ID,CUSTOMER_ID,PAN_ENCRYPTED,EXP_MONTH_YEAR,IS_ACTIVE,PAN_HASH,PAN_FIRST_SIX_ENCRYPTED,PAN_LAST_FOUR_ENCRYPTED,PAN_LENGTH)
VALUES(3,'3','2','mXxFmJD0kkJ8WM/IxxIbvPFpAQEZ1hyHqY5+j4ldmhk=
','2014','0','PANHASH','J7HhweyTpHGLHSYYBTL+sA==','Xq+Kq+6Ot9zrPn+mUqOYCQ==','19');

INSERT INTO PAYMENT_INSTRUMENTS(ID,ARN_ID,CUSTOMER_ID,PAN_ENCRYPTED,EXP_MONTH_YEAR,IS_ACTIVE,PAN_HASH,PAN_FIRST_SIX_ENCRYPTED,PAN_LAST_FOUR_ENCRYPTED,PAN_LENGTH)
VALUES(4,'4','1','mXxFmJD0kkJ8WM/IxxIbvO9fW0wb6YVnsEYgogo9w/w=','2016','1','bacc2ce4799e4e67ba4ee3635f9a446f80ec446a1f61ca78e8a8a0eb3f8ef5fba107900a0d6195a6a1d8c88400dcca4910f890b9816dfc2c1235e12944338c19','J7HhweyTpHGLHSYYBTL+sA==','gkcdL3hw3E2HUDnkCqmuhw==','16');

INSERT INTO PAYMENT_INSTRUMENTS(ID,ARN_ID,CUSTOMER_ID,PAN_ENCRYPTED,EXP_MONTH_YEAR,IS_ACTIVE,PAN_HASH,PAN_FIRST_SIX_ENCRYPTED,PAN_LAST_FOUR_ENCRYPTED,PAN_LENGTH)
VALUES(5,'5','1','mXxFmJD0kkJ8WM/IxxIbvO9fW0wb6YVnsEYgogo9w/w=','2017','1','bacc2ce4799e4e67ba4ee3635f9a446f80ec446a1f61ca78e8a8a0eb3f8ef5fba107900a0d6195a6a1d8c88400dcca4910f890b9816dfc2c1235e12944338c19','J7HhweyTpHGLHSYYBTL+sA==','gkcdL3hw3E2HUDnkCqmuhw==','16');

INSERT INTO PAYMENT_INSTRUMENTS(ID,ARN_ID,CUSTOMER_ID,PAN_ENCRYPTED,EXP_MONTH_YEAR,IS_ACTIVE,PAN_HASH,PAN_FIRST_SIX_ENCRYPTED,PAN_LAST_FOUR_ENCRYPTED,PAN_LENGTH)
VALUES(6,'6','1','mXxFmJD0kkJ8WM/IxxIbvO9fW0wb6YVnsEYgogo9w/w=','2014','1','bacc2ce4799e4e67ba4ee3635f9a446f80ec446a1f61ca78e8a8a0eb3f8ef5fba107900a0d6195a6a1d8c88400dcca4910f890b9816dfc2c1235e12944338c19','J7HhweyTpHGLHSYYBTL+sA==','gkcdL3hw3E2HUDnkCqmuhw==','16');

INSERT INTO PAYMENT_INSTRUMENTS(ID,ARN_ID,CUSTOMER_ID,PAN_ENCRYPTED,EXP_MONTH_YEAR,IS_ACTIVE,PAN_HASH,PAN_FIRST_SIX_ENCRYPTED,PAN_LAST_FOUR_ENCRYPTED,PAN_LENGTH)
VALUES(7,'7','1','mXxFmJD0kkJ8WM/IxxIbvO9fW0wb6YVnsEYgogo9w/w=','2018','1','bacc2ce4799e4e67ba4ee3635f9a446f80ec446a1f61ca78e8a8a0eb3f8ef5fba107900a0d6195a6a1d8c88400dcca4910f890b9816dfc2c1235e12944338c19','J7HhweyTpHGLHSYYBTL+sA==','gkcdL3hw3E2HUDnkCqmuhw==','16');

INSERT INTO PAYMENT_INSTRUMENTS(ID,ARN_ID,CUSTOMER_ID,PAN_ENCRYPTED,EXP_MONTH_YEAR,IS_ACTIVE,PAN_HASH,PAN_FIRST_SIX_ENCRYPTED,PAN_LAST_FOUR_ENCRYPTED,PAN_LENGTH)
VALUES(8,'8','1','mXxFmJD0kkJ8WM/IxxIbvO9fW0wb6YVnsEYgogo9w/w=','2018','1','bacc2ce4799e4e67ba4ee3635f9a446f80ec446a1f61ca78e8a8a0eb3f8ef5fba107900a0d6195a6a1d8c88400dcca4910f890b9816dfc2c1235e12944338c19','J7HhweyTpHGLHSYYBTL+sA==','gkcdL3hw3E2HUDnkCqmuhw==','16');

INSERT INTO PAYMENT_INSTRUMENTS(ID,ARN_ID,CUSTOMER_ID,PAN_ENCRYPTED,EXP_MONTH_YEAR,IS_ACTIVE,PAN_HASH,PAN_FIRST_SIX_ENCRYPTED,PAN_LAST_FOUR_ENCRYPTED,PAN_LENGTH)
VALUES(9,'9','1','mXxFmJD0kkJ8WM/IxxIbvO9fW0wb6YVnsEYgogo9w/w=','2013','1','bacc2ce4799e4e67ba4ee3635f9a446f80ec446a1f61ca78e8a8a0eb3f8ef5fba107900a0d6195a6a1d8c88400dcca4910f890b9816dfc2c1235e12944338c19','J7HhweyTpHGLHSYYBTL+sA==','gkcdL3hw3E2HUDnkCqmuhw==','16');

INSERT INTO PAYMENT_INSTRUMENTS(ID,ARN_ID,CUSTOMER_ID,PAN_ENCRYPTED,EXP_MONTH_YEAR,IS_ACTIVE,PAN_HASH,PAN_FIRST_SIX_ENCRYPTED,PAN_LAST_FOUR_ENCRYPTED,PAN_LENGTH)
VALUES(10,'10','1','mXxFmJD0kkJ8WM/IxxIbvO9fW0wb6YVnsEYgogo9w/w=','2018','1','bacc2ce4799e4e67ba4ee3635f9a446f80ec446a1f61ca78e8a8a0eb3f8ef5fba107900a0d6195a6a1d8c88400dcca4910f890b9816dfc2c1235e12944338c19','J7HhweyTpHGLHSYYBTL+sA==','gkcdL3hw3E2HUDnkCqmuhw==','16');

INSERT INTO PAYMENT_INSTRUMENTS(ID,ARN_ID,CUSTOMER_ID,PAN_ENCRYPTED,EXP_MONTH_YEAR,IS_ACTIVE,PAN_HASH,PAN_FIRST_SIX_ENCRYPTED,PAN_LAST_FOUR_ENCRYPTED,PAN_LENGTH)
VALUES(11,'10','1','mXxFmJD0kkJ8WM/IxxIbvO9fW0wb6YVnsEYgogo9w/w=','2018','1','bacc2ce4799e4e67ba4ee3635f9a446f80ec446a1f61ca78e8a8a0eb3f8ef5fba107900a0d6195a6a1d8c88400dcca4910f890b9816dfc2c1235e12944338c19','J7HhweyTpHGLHSYYBTL+sA==','gkcdL3hw3E2HUDnkCqmuhw==','16');

INSERT INTO PAYMENT_INSTRUMENTS(ID,ARN_ID,CUSTOMER_ID,PAN_ENCRYPTED,EXP_MONTH_YEAR,IS_ACTIVE,PAN_HASH,PAN_FIRST_SIX_ENCRYPTED,PAN_LAST_FOUR_ENCRYPTED,PAN_LENGTH)
VALUES(12,'11','1','mXxFmJD0kkJ8WM/IxxIbvO9fW0wb6YVnsEYgogo9w/w=','2018','1','bacc2ce4799e4e67ba4ee3635f9a446f80ec446a1f61ca78e8a8a0eb3f8ef5fba107900a0d6195a6a1d8c88400dcca4910f890b9816dfc2c1235e12944338c19','J7HhweyTpHGLHSYYBTL+sA==','gkcdL3hw3E2HUDnkCqmuhw==','16');

INSERT INTO PAYMENT_INSTRUMENTS(ID,ARN_ID,CUSTOMER_ID,PAN_ENCRYPTED,EXP_MONTH_YEAR,IS_ACTIVE,PAN_HASH,PAN_FIRST_SIX_ENCRYPTED,PAN_LAST_FOUR_ENCRYPTED,PAN_LENGTH)
VALUES(13,'11','1','mXxFmJD0kkJ8WM/IxxIbvO9fW0wb6YVnsEYgogo9w/w=','2018','1','bacc2ce4799e4e67ba4ee3635f9a446f80ec446a1f61ca78e8a8a0eb3f8ef5fba107900a0d6195a6a1d8c88400dcca4910f890b9816dfc2c1235e12944338c19','J7HhweyTpHGLHSYYBTL+sA==','gkcdL3hw3E2HUDnkCqmuhw==','16');



insert into token_bins values(1,'345345');  

INSERT INTO TOKEN_BIN_MAPPINGS(ID,PAN_BIN_ID,TOKEN_BIN_ID)VALUES ('1','1','1');

INSERT INTO PAN_BINS VALUES('1','123466','100','1','1','10','100','1','1','1');

INSERT INTO tokens (ID,TOKEN_PAN_ENCRYPTED,TOKEN_EXP_MONTH_YEAR,CREATED_AT,EXPECTED_TOKEN_POS_ENTRY_MODE,TOKEN_PAN_HASH,TOKEN_PAN_FIRST_SIX_ENCRYPTED,TOKEN_PAN_LAST_FOUR_ENCRYPTED,IS_ACTIVE) 
VALUES (1, '555555', '23', '1998-01-02', '1', 'hash1234', 'taoken343', 'last444', '1');
INSERT INTO tokens (ID,TOKEN_PAN_ENCRYPTED,TOKEN_EXP_MONTH_YEAR,CREATED_AT,EXPECTED_TOKEN_POS_ENTRY_MODE,TOKEN_PAN_HASH,TOKEN_PAN_FIRST_SIX_ENCRYPTED,TOKEN_PAN_LAST_FOUR_ENCRYPTED,IS_ACTIVE) 
VALUES (2, '4444', '2', '2014-01-02', '2', 'hash124434', 'taoken34233', 'THED32', '1');
INSERT INTO tokens (ID,TOKEN_PAN_ENCRYPTED,TOKEN_EXP_MONTH_YEAR,CREATED_AT,EXPECTED_TOKEN_POS_ENTRY_MODE,TOKEN_PAN_HASH,TOKEN_PAN_FIRST_SIX_ENCRYPTED,TOKEN_PAN_LAST_FOUR_ENCRYPTED,IS_ACTIVE) 
VALUES (3, '4445', '3', '2014-01-02', '2', 'hash124434', 'taoken34233', 'THED32', '1');
INSERT INTO tokens (ID,TOKEN_PAN_ENCRYPTED,TOKEN_EXP_MONTH_YEAR,CREATED_AT,EXPECTED_TOKEN_POS_ENTRY_MODE,TOKEN_PAN_HASH,TOKEN_PAN_FIRST_SIX_ENCRYPTED,TOKEN_PAN_LAST_FOUR_ENCRYPTED,IS_ACTIVE) 
VALUES (4, '4444', '2', '2014-01-02', '2', 'hash124434', 'taoken34233', 'THED32', '1');
INSERT INTO tokens (ID,TOKEN_PAN_ENCRYPTED,TOKEN_EXP_MONTH_YEAR,CREATED_AT,EXPECTED_TOKEN_POS_ENTRY_MODE,TOKEN_PAN_HASH,TOKEN_PAN_FIRST_SIX_ENCRYPTED,TOKEN_PAN_LAST_FOUR_ENCRYPTED,IS_ACTIVE) 
VALUES (5, '4444', '2', '2014-01-02', '2', 'hash124434', 'taoken34233', 'THED32', '1');
INSERT INTO tokens (ID,TOKEN_PAN_ENCRYPTED,TOKEN_EXP_MONTH_YEAR,CREATED_AT,EXPECTED_TOKEN_POS_ENTRY_MODE,TOKEN_PAN_HASH,TOKEN_PAN_FIRST_SIX_ENCRYPTED,TOKEN_PAN_LAST_FOUR_ENCRYPTED,IS_ACTIVE) 
VALUES (6, '4444', '2', '2014-01-02', '2', 'hash124434', 'taoken34233', 'THED32', '1');
INSERT INTO tokens (ID,TOKEN_PAN_ENCRYPTED,TOKEN_EXP_MONTH_YEAR,CREATED_AT,EXPECTED_TOKEN_POS_ENTRY_MODE,TOKEN_PAN_HASH,TOKEN_PAN_FIRST_SIX_ENCRYPTED,TOKEN_PAN_LAST_FOUR_ENCRYPTED,IS_ACTIVE) 
VALUES (7, '4444', '2', '2014-01-02', '2', 'hash124434', 'taoken34233', 'THED32', '1');
INSERT INTO tokens (ID,TOKEN_PAN_ENCRYPTED,TOKEN_EXP_MONTH_YEAR,CREATED_AT,EXPECTED_TOKEN_POS_ENTRY_MODE,TOKEN_PAN_HASH,TOKEN_PAN_FIRST_SIX_ENCRYPTED,TOKEN_PAN_LAST_FOUR_ENCRYPTED,IS_ACTIVE) 
VALUES (8, '4444', '2', '2014-01-02', '2', 'hash124434', 'taoken34233', 'THED32', '1');
INSERT INTO tokens (ID,TOKEN_PAN_ENCRYPTED,TOKEN_EXP_MONTH_YEAR,CREATED_AT,EXPECTED_TOKEN_POS_ENTRY_MODE,TOKEN_PAN_HASH,TOKEN_PAN_FIRST_SIX_ENCRYPTED,TOKEN_PAN_LAST_FOUR_ENCRYPTED,IS_ACTIVE) 
VALUES (9, '4444', '2', '2014-01-02', '2', 'hash124434', 'taoken34233', 'THED32', '1');

INSERT INTO tokens (ID,TOKEN_PAN_ENCRYPTED,TOKEN_EXP_MONTH_YEAR,CREATED_AT,EXPECTED_TOKEN_POS_ENTRY_MODE,TOKEN_PAN_HASH,TOKEN_PAN_FIRST_SIX_ENCRYPTED,TOKEN_PAN_LAST_FOUR_ENCRYPTED,IS_ACTIVE) 
VALUES (10, '4444', '2', '2014-01-02', '2', 'hash124434', 'taoken34233', 'THED32', '1');
INSERT INTO tokens (ID,TOKEN_PAN_ENCRYPTED,TOKEN_EXP_MONTH_YEAR,CREATED_AT,EXPECTED_TOKEN_POS_ENTRY_MODE,TOKEN_PAN_HASH,TOKEN_PAN_FIRST_SIX_ENCRYPTED,TOKEN_PAN_LAST_FOUR_ENCRYPTED,IS_ACTIVE) 
VALUES (11, '4444', '2', '2014-01-02', '2', 'hash124434', 'taoken34233', 'THED32', '1');

INSERT INTO tokens (ID,TOKEN_PAN_ENCRYPTED,TOKEN_EXP_MONTH_YEAR,CREATED_AT,EXPECTED_TOKEN_POS_ENTRY_MODE,TOKEN_PAN_HASH,TOKEN_PAN_FIRST_SIX_ENCRYPTED,TOKEN_PAN_LAST_FOUR_ENCRYPTED,IS_ACTIVE) 
VALUES (12, '4444', '2', '2014-01-02', '2', 'hash124434', 'taoken34233', 'THED32', '1');
INSERT INTO tokens (ID,TOKEN_PAN_ENCRYPTED,TOKEN_EXP_MONTH_YEAR,CREATED_AT,EXPECTED_TOKEN_POS_ENTRY_MODE,TOKEN_PAN_HASH,TOKEN_PAN_FIRST_SIX_ENCRYPTED,TOKEN_PAN_LAST_FOUR_ENCRYPTED,IS_ACTIVE) 
VALUES (13, '4444', '2', '2014-01-02', '2', 'hash124434', 'taoken34233', 'THED32', '1');


INSERT INTO permitted_token_requestor_arns_tokens (ID,PERMITTED_TOKEN_REQUESTOR_ARN_ID,TOKEN_ID) VALUES(1,1,1);
INSERT INTO permitted_token_requestor_arns_tokens (ID,PERMITTED_TOKEN_REQUESTOR_ARN_ID,TOKEN_ID) VALUES(2,2,2);
INSERT INTO permitted_token_requestor_arns_tokens (ID,PERMITTED_TOKEN_REQUESTOR_ARN_ID,TOKEN_ID) VALUES(3,3,3);
INSERT INTO permitted_token_requestor_arns_tokens (ID,PERMITTED_TOKEN_REQUESTOR_ARN_ID,TOKEN_ID) VALUES(4,4,4);
INSERT INTO permitted_token_requestor_arns_tokens (ID,PERMITTED_TOKEN_REQUESTOR_ARN_ID,TOKEN_ID) VALUES(5,5,5);
INSERT INTO permitted_token_requestor_arns_tokens (ID,PERMITTED_TOKEN_REQUESTOR_ARN_ID,TOKEN_ID) VALUES(6,6,6);
INSERT INTO permitted_token_requestor_arns_tokens (ID,PERMITTED_TOKEN_REQUESTOR_ARN_ID,TOKEN_ID) VALUES(7,7,7);
INSERT INTO permitted_token_requestor_arns_tokens (ID,PERMITTED_TOKEN_REQUESTOR_ARN_ID,TOKEN_ID) VALUES(8,8,8);
INSERT INTO permitted_token_requestor_arns_tokens (ID,PERMITTED_TOKEN_REQUESTOR_ARN_ID,TOKEN_ID) VALUES(9,9,9);

INSERT INTO permitted_token_requestor_arns_tokens (ID,PERMITTED_TOKEN_REQUESTOR_ARN_ID,TOKEN_ID) VALUES(10,10,10);
INSERT INTO permitted_token_requestor_arns_tokens (ID,PERMITTED_TOKEN_REQUESTOR_ARN_ID,TOKEN_ID) VALUES(11,10,11);

INSERT INTO permitted_token_requestor_arns_tokens (ID,PERMITTED_TOKEN_REQUESTOR_ARN_ID,TOKEN_ID) VALUES(12,12,12);
INSERT INTO permitted_token_requestor_arns_tokens (ID,PERMITTED_TOKEN_REQUESTOR_ARN_ID,TOKEN_ID) VALUES(13,13,13);
